antecedents,consequents,lift
60 CAKE CASES DOLLY GIRL DESIGN,PACK OF 72 RETROSPOT CAKE CASES,9.615358007609824
60 TEATIME FAIRY CAKE CASES,PACK OF 72 RETROSPOT CAKE CASES,9.04597716451225
ALARM CLOCK BAKELIKE CHOCOLATE,ALARM CLOCK BAKELIKE GREEN,15.318234418912217
ALARM CLOCK BAKELIKE CHOCOLATE,ALARM CLOCK BAKELIKE RED ,14.831164968094223
ALARM CLOCK BAKELIKE IVORY,ALARM CLOCK BAKELIKE GREEN,13.801685569746407
ALARM CLOCK BAKELIKE ORANGE,ALARM CLOCK BAKELIKE GREEN,14.393735591401267
ALARM CLOCK BAKELIKE PINK,ALARM CLOCK BAKELIKE GREEN,13.142528692854647
ALARM CLOCK BAKELIKE GREEN,ALARM CLOCK BAKELIKE RED ,14.194547895594063
ALARM CLOCK BAKELIKE RED ,ALARM CLOCK BAKELIKE GREEN,14.194547895594065
ALARM CLOCK BAKELIKE IVORY,ALARM CLOCK BAKELIKE RED ,14.17772320166847
ALARM CLOCK BAKELIKE ORANGE,ALARM CLOCK BAKELIKE RED ,14.479826453184605
ALARM CLOCK BAKELIKE PINK,ALARM CLOCK BAKELIKE RED ,13.650778179356065
PAINTED METAL PEARS ASSORTED,ASSORTED COLOUR BIRD ORNAMENT,9.763760330578512
BAKING SET SPACEBOY DESIGN,BAKING SET 9 PIECE RETROSPOT ,15.916917060668995
TOILET METAL SIGN,BATHROOM METAL SIGN,36.04948731692978
BATHROOM METAL SIGN,TOILET METAL SIGN,36.049487316929785
BLUE DINER WALL CLOCK,RED DINER WALL CLOCK,24.778220300409647
BLUE HAPPY BIRTHDAY BUNTING,PINK HAPPY BIRTHDAY BUNTING,36.93458354584331
PINK HAPPY BIRTHDAY BUNTING,BLUE HAPPY BIRTHDAY BUNTING,36.93458354584331
BLUE HARMONICA IN BOX ,RED  HARMONICA IN BOX ,17.3795205439306
BLUE STRIPE CERAMIC DRAWER KNOB,RED STRIPE CERAMIC DRAWER KNOB,33.4544116766339
RED STRIPE CERAMIC DRAWER KNOB,BLUE STRIPE CERAMIC DRAWER KNOB,33.4544116766339
CANDLEHOLDER PINK HANGING HEART,WHITE HANGING HEART T-LIGHT HOLDER,6.93524915945939
CHARLOTTE BAG DOLLY GIRL DESIGN,RED RETROSPOT CHARLOTTE BAG,13.81801110159896
CHARLOTTE BAG PINK POLKADOT,RED RETROSPOT CHARLOTTE BAG,16.580772618528282
CHARLOTTE BAG SUKI DESIGN,RED RETROSPOT CHARLOTTE BAG,12.774333529949226
CHILDRENS CUTLERY DOLLY GIRL ,CHILDRENS CUTLERY SPACEBOY ,45.29713772907614
CHILDRENS CUTLERY SPACEBOY ,CHILDRENS CUTLERY DOLLY GIRL ,45.29713772907614
HOT WATER BOTTLE I AM SO POORLY,CHOCOLATE HOT WATER BOTTLE,15.09820650636492
HOT WATER BOTTLE TEA AND SYMPATHY,CHOCOLATE HOT WATER BOTTLE,13.39166203446359
CHRISTMAS CRAFT TREE TOP ANGEL,CHRISTMAS CRAFT LITTLE FRIENDS,25.045294454910316
CHRISTMAS CRAFT WHITE FAIRY ,CHRISTMAS CRAFT LITTLE FRIENDS,27.83756224979836
DOLLY GIRL LUNCH BOX,SPACEBOY LUNCH BOX ,18.119023022432113
SPACEBOY LUNCH BOX ,DOLLY GIRL LUNCH BOX,18.11902302243211
FELTCRAFT CUSHION RABBIT,FELTCRAFT CUSHION BUTTERFLY,39.104434366339134
FELTCRAFT CUSHION BUTTERFLY,FELTCRAFT CUSHION RABBIT,39.10443436633913
FELTCRAFT CUSHION RABBIT,FELTCRAFT CUSHION OWL,27.432868519998816
FELTCRAFT PRINCESS CHARLOTTE DOLL,FELTCRAFT PRINCESS LOLA DOLL,29.097995751362337
FELTCRAFT PRINCESS LOLA DOLL,FELTCRAFT PRINCESS CHARLOTTE DOLL,29.097995751362337
GARDENERS KNEELING PAD CUP OF TEA ,GARDENERS KNEELING PAD KEEP CALM ,17.87342415531392
GARDENERS KNEELING PAD KEEP CALM ,GARDENERS KNEELING PAD CUP OF TEA ,17.87342415531392
GREEN REGENCY TEACUP AND SAUCER,PINK REGENCY TEACUP AND SAUCER,22.188466303657506
PINK REGENCY TEACUP AND SAUCER,GREEN REGENCY TEACUP AND SAUCER,22.18846630365751
GREEN REGENCY TEACUP AND SAUCER,REGENCY CAKESTAND 3 TIER,5.889808824641626
GREEN REGENCY TEACUP AND SAUCER,ROSES REGENCY TEACUP AND SAUCER ,18.530184658434568
ROSES REGENCY TEACUP AND SAUCER ,GREEN REGENCY TEACUP AND SAUCER,18.530184658434568
HAND WARMER BIRD DESIGN,HAND WARMER OWL DESIGN,18.249845091617242
HAND WARMER SCOTTY DOG DESIGN,HAND WARMER BIRD DESIGN,19.922061866752667
HAND WARMER BIRD DESIGN,HAND WARMER SCOTTY DOG DESIGN,19.92206186675267
HAND WARMER RED LOVE HEART,HAND WARMER OWL DESIGN,17.727536614329065
HAND WARMER RED RETROSPOT,HAND WARMER OWL DESIGN,17.766974960523346
HAND WARMER SCOTTY DOG DESIGN,HAND WARMER OWL DESIGN,19.329101895980877
HEART OF WICKER LARGE,HEART OF WICKER SMALL,9.798527075287005
IVORY DINER WALL CLOCK,RED DINER WALL CLOCK,22.786740114105843
MINT KITCHEN SCALES,IVORY KITCHEN SCALES,18.288157894736845
RED KITCHEN SCALES,IVORY KITCHEN SCALES,17.680659562211982
JUMBO  BAG BAROQUE BLACK WHITE,JUMBO BAG RED RETROSPOT,6.460500770416023
JUMBO BAG VINTAGE CHRISTMAS ,JUMBO BAG 50'S CHRISTMAS ,20.12472851380701
JUMBO BAG PEARS,JUMBO BAG APPLES,17.133835121199553
JUMBO BAG PEARS,JUMBO BAG VINTAGE LEAF,12.257964943225664
JUMBO BAG PINK POLKADOT,JUMBO BAG RED RETROSPOT,7.260671641791045
JUMBO BAG PINK VINTAGE PAISLEY,JUMBO BAG RED RETROSPOT,6.3684509966777405
JUMBO BAG SCANDINAVIAN BLUE PAISLEY,JUMBO BAG PINK VINTAGE PAISLEY,16.450015101177893
JUMBO BAG SCANDINAVIAN BLUE PAISLEY,JUMBO BAG RED RETROSPOT,6.882727272727272
JUMBO BAG SPACEBOY DESIGN,JUMBO BAG RED RETROSPOT,6.483286163522012
JUMBO BAG STRAWBERRY,JUMBO BAG RED RETROSPOT,7.33204128440367
JUMBO BAG WOODLAND ANIMALS,JUMBO BAG RED RETROSPOT,6.167916666666666
JUMBO SHOPPER VINTAGE RED PAISLEY,JUMBO BAG RED RETROSPOT,5.805911392405063
JUMBO STORAGE BAG SKULLS,JUMBO BAG RED RETROSPOT,6.09864118895966
JUMBO STORAGE BAG SUKI,JUMBO BAG RED RETROSPOT,6.494580103359172
LARGE WHITE HEART OF WICKER,SMALL WHITE HEART OF WICKER,17.50994277106408
LUNCH BAG VINTAGE LEAF DESIGN,LUNCH BAG APPLE DESIGN,10.896917226625813
LUNCH BAG DOLLY GIRL DESIGN,LUNCH BAG RED RETROSPOT,7.434704709279378
LUNCH BAG DOLLY GIRL DESIGN,LUNCH BAG SPACEBOY DESIGN ,11.166425195997457
LUNCH BAG PINK POLKADOT,LUNCH BAG RED RETROSPOT,8.082736788733147
LUNCH BAG SUKI DESIGN ,LUNCH BAG RED RETROSPOT,7.202101714119898
LUNCH BAG WOODLAND,LUNCH BAG RED RETROSPOT,7.597670807453417
PACK OF 60 DINOSAUR CAKE CASES,PACK OF 72 RETROSPOT CAKE CASES,9.089971176156123
PACK OF 60 PINK PAISLEY CAKE CASES,PACK OF 72 RETROSPOT CAKE CASES,9.018319264498455
PACK OF 60 SPACEBOY CAKE CASES,PACK OF 72 RETROSPOT CAKE CASES,9.380983421799748
PAPER CHAIN KIT VINTAGE CHRISTMAS,PAPER CHAIN KIT 50'S CHRISTMAS ,12.236014405762303
PINK BLUE FELT CRAFT TRINKET BOX,PINK CREAM FELT CRAFT TRINKET BOX ,17.812307000143154
PINK REGENCY TEACUP AND SAUCER,REGENCY CAKESTAND 3 TIER,6.047715204231214
PINK REGENCY TEACUP AND SAUCER,ROSES REGENCY TEACUP AND SAUCER ,18.55975449525437
ROSES REGENCY TEACUP AND SAUCER ,PINK REGENCY TEACUP AND SAUCER,18.55975449525437
SCANDINAVIAN PAISLEY PICNIC BAG,PINK VINTAGE PAISLEY PICNIC BAG,40.850582097322686
PINK VINTAGE PAISLEY PICNIC BAG,SCANDINAVIAN PAISLEY PICNIC BAG,40.850582097322686
PLASTERS IN TIN SPACEBOY,PLASTERS IN TIN WOODLAND ANIMALS,15.921664857167237
POPPY'S PLAYHOUSE BEDROOM ,POPPY'S PLAYHOUSE KITCHEN,43.05194995244019
POPPY'S PLAYHOUSE KITCHEN,POPPY'S PLAYHOUSE BEDROOM ,43.05194995244019
POPPY'S PLAYHOUSE BEDROOM ,POPPY'S PLAYHOUSE LIVINGROOM ,47.70770544504722
POPPY'S PLAYHOUSE LIVINGROOM ,POPPY'S PLAYHOUSE BEDROOM ,47.70770544504722
POPPY'S PLAYHOUSE LIVINGROOM ,POPPY'S PLAYHOUSE KITCHEN,45.69662354344435
POPPY'S PLAYHOUSE KITCHEN,POPPY'S PLAYHOUSE LIVINGROOM ,45.69662354344435
RED HANGING HEART T-LIGHT HOLDER,WHITE HANGING HEART T-LIGHT HOLDER,6.300532986029384
STRAWBERRY CHARLOTTE BAG,RED RETROSPOT CHARLOTTE BAG,15.087054578258911
WOODLAND CHARLOTTE BAG,RED RETROSPOT CHARLOTTE BAG,13.648382172682075
REGENCY TEAPOT ROSES ,REGENCY CAKESTAND 3 TIER,5.9635671181796175
ROSES REGENCY TEACUP AND SAUCER ,REGENCY CAKESTAND 3 TIER,5.837073633862262
REGENCY MILK JUG PINK ,REGENCY SUGAR BOWL GREEN,52.37039069359087
REGENCY SUGAR BOWL GREEN,REGENCY MILK JUG PINK ,52.37039069359087
REGENCY MILK JUG PINK ,REGENCY TEAPOT ROSES ,36.953140578265206
REGENCY TEAPOT ROSES ,REGENCY MILK JUG PINK ,36.953140578265206
REGENCY SUGAR BOWL GREEN,REGENCY TEAPOT ROSES ,38.286027489670296
REGENCY TEAPOT ROSES ,REGENCY SUGAR BOWL GREEN,38.286027489670296
REGENCY TEA PLATE GREEN ,REGENCY TEA PLATE PINK,61.89589947089947
REGENCY TEA PLATE PINK,REGENCY TEA PLATE GREEN ,61.89589947089947
REGENCY TEA PLATE GREEN ,REGENCY TEA PLATE ROSES ,47.92037037037037
REGENCY TEA PLATE ROSES ,REGENCY TEA PLATE GREEN ,47.92037037037037
REGENCY TEA PLATE ROSES ,REGENCY TEA PLATE PINK,49.68973214285715
REGENCY TEA PLATE PINK,REGENCY TEA PLATE ROSES ,49.689732142857146
REGENCY TEA PLATE ROSES ,ROSES REGENCY TEACUP AND SAUCER ,13.710089399744572
REGENCY TEAPOT ROSES ,ROSES REGENCY TEACUP AND SAUCER ,12.703133681119263
ROUND SNACK BOXES SET OF 4 FRUITS ,ROUND SNACK BOXES SET OF4 WOODLAND ,17.81726909104253
SET OF 12 MINI LOAF BAKING CASES,SET OF 12 FAIRY CAKE BAKING CASES,27.30926408482344
SET OF 12 FAIRY CAKE BAKING CASES,SET OF 12 MINI LOAF BAKING CASES,27.309264084823436
SET OF 6 SNACK LOAF BAKING CASES,SET OF 12 FAIRY CAKE BAKING CASES,27.664811735579942
SET OF 6 TEA TIME BAKING CASES,SET OF 12 FAIRY CAKE BAKING CASES,26.8606869585735
SET OF 12 MINI LOAF BAKING CASES,SET OF 6 SNACK LOAF BAKING CASES,34.23672094114043
SET OF 6 SNACK LOAF BAKING CASES,SET OF 12 MINI LOAF BAKING CASES,34.23672094114043
SET OF 12 MINI LOAF BAKING CASES,SET OF 6 TEA TIME BAKING CASES,30.746151360885776
SET OF 6 TEA TIME BAKING CASES,SET OF 12 MINI LOAF BAKING CASES,30.74615136088578
SET OF TEA COFFEE SUGAR TINS PANTRY,SET OF 3 CAKE TINS PANTRY DESIGN ,8.988572335169193
SET/6 RED SPOTTY PAPER CUPS,SET/20 RED RETROSPOT PAPER NAPKINS ,17.05562266321542
SET/6 RED SPOTTY PAPER PLATES,SET/20 RED RETROSPOT PAPER NAPKINS ,17.83870533837747
SET/6 RED SPOTTY PAPER PLATES,SET/6 RED SPOTTY PAPER CUPS,47.217835357624836
SET/6 RED SPOTTY PAPER CUPS,SET/6 RED SPOTTY PAPER PLATES,47.217835357624836
SMALL MARSHMALLOWS PINK BOWL,SMALL DOLLY MIX DESIGN ORANGE BOWL,40.10560941828255
SMALL DOLLY MIX DESIGN ORANGE BOWL,SMALL MARSHMALLOWS PINK BOWL,40.10560941828255
SWEETHEART CERAMIC TRINKET BOX,STRAWBERRY CERAMIC TRINKET BOX,19.76316865717229
VINTAGE HEADS AND TAILS CARD GAME ,VINTAGE SNAP CARDS,13.230716509124141
WOODEN FRAME ANTIQUE WHITE ,WOODEN PICTURE FRAME WHITE FINISH,12.207962434336096
WOODEN PICTURE FRAME WHITE FINISH,WOODEN FRAME ANTIQUE WHITE ,12.207962434336096
WOODEN STAR CHRISTMAS SCANDINAVIAN,WOODEN HEART CHRISTMAS SCANDINAVIAN,29.4879164401259
WOODEN HEART CHRISTMAS SCANDINAVIAN,WOODEN STAR CHRISTMAS SCANDINAVIAN,29.487916440125897
WOODEN TREE CHRISTMAS SCANDINAVIAN,WOODEN HEART CHRISTMAS SCANDINAVIAN,29.004288352583966
WOODEN STAR CHRISTMAS SCANDINAVIAN,WOODEN TREE CHRISTMAS SCANDINAVIAN,35.04562037687854
WOODEN TREE CHRISTMAS SCANDINAVIAN,WOODEN STAR CHRISTMAS SCANDINAVIAN,35.04562037687854
"ALARM CLOCK BAKELIKE GREEN, ALARM CLOCK BAKELIKE IVORY",ALARM CLOCK BAKELIKE RED ,16.5207007359801
"ALARM CLOCK BAKELIKE RED , ALARM CLOCK BAKELIKE IVORY",ALARM CLOCK BAKELIKE GREEN,16.08252000032291
"ALARM CLOCK BAKELIKE PINK, ALARM CLOCK BAKELIKE GREEN",ALARM CLOCK BAKELIKE RED ,16.4490128353019
"ALARM CLOCK BAKELIKE PINK, ALARM CLOCK BAKELIKE RED ",ALARM CLOCK BAKELIKE GREEN,15.83657871490571
"ALARM CLOCK BAKELIKE GREEN, ALARM CLOCK BAKELIKE RED ",ALARM CLOCK BAKELIKE PINK,15.229905506479115
"REGENCY CAKESTAND 3 TIER, PINK REGENCY TEACUP AND SAUCER",GREEN REGENCY TEACUP AND SAUCER,23.520960663922175
"REGENCY CAKESTAND 3 TIER, GREEN REGENCY TEACUP AND SAUCER",PINK REGENCY TEACUP AND SAUCER,24.151560035394144
"GREEN REGENCY TEACUP AND SAUCER, PINK REGENCY TEACUP AND SAUCER",REGENCY CAKESTAND 3 TIER,6.4109014782098095
"GREEN REGENCY TEACUP AND SAUCER, PINK REGENCY TEACUP AND SAUCER",ROSES REGENCY TEACUP AND SAUCER ,20.06630018324171
"GREEN REGENCY TEACUP AND SAUCER, ROSES REGENCY TEACUP AND SAUCER ",PINK REGENCY TEACUP AND SAUCER,24.027846114974935
"PINK REGENCY TEACUP AND SAUCER, ROSES REGENCY TEACUP AND SAUCER ",GREEN REGENCY TEACUP AND SAUCER,23.989564386144266
GREEN REGENCY TEACUP AND SAUCER,"PINK REGENCY TEACUP AND SAUCER, ROSES REGENCY TEACUP AND SAUCER ",23.989564386144266
PINK REGENCY TEACUP AND SAUCER,"GREEN REGENCY TEACUP AND SAUCER, ROSES REGENCY TEACUP AND SAUCER ",24.02784611497494
"GREEN REGENCY TEACUP AND SAUCER, REGENCY CAKESTAND 3 TIER",ROSES REGENCY TEACUP AND SAUCER ,19.74438092896511
"GREEN REGENCY TEACUP AND SAUCER, ROSES REGENCY TEACUP AND SAUCER ",REGENCY CAKESTAND 3 TIER,6.275740429794981
"REGENCY CAKESTAND 3 TIER, ROSES REGENCY TEACUP AND SAUCER ",GREEN REGENCY TEACUP AND SAUCER,19.92276204258838
"JUMBO BAG PINK POLKADOT, JUMBO BAG STRAWBERRY",JUMBO BAG RED RETROSPOT,9.171126279863481
"JUMBO BAG STRAWBERRY, JUMBO BAG RED RETROSPOT",JUMBO BAG PINK POLKADOT,11.923171211944737
"JUMBO BAG PINK POLKADOT, JUMBO SHOPPER VINTAGE RED PAISLEY",JUMBO BAG RED RETROSPOT,8.92422131147541
"JUMBO BAG PINK POLKADOT, JUMBO STORAGE BAG SUKI",JUMBO BAG RED RETROSPOT,9.068149466192171
"JUMBO STORAGE BAG SUKI, JUMBO BAG RED RETROSPOT",JUMBO BAG PINK POLKADOT,10.785420645796188
"JUMBO SHOPPER VINTAGE RED PAISLEY, JUMBO STORAGE BAG SUKI",JUMBO BAG RED RETROSPOT,8.560978260869565
"LUNCH BAG PINK POLKADOT, JUMBO BAG RED RETROSPOT",LUNCH BAG RED RETROSPOT,9.713332735385787
"LUNCH BAG APPLE DESIGN, LUNCH BAG RED RETROSPOT",LUNCH BAG  BLACK SKULL.,9.238194844927524
"LUNCH BAG APPLE DESIGN, LUNCH BAG  BLACK SKULL.",LUNCH BAG RED RETROSPOT,9.172476708074534
"LUNCH BAG APPLE DESIGN, LUNCH BAG  BLACK SKULL.",LUNCH BAG SUKI DESIGN ,13.012597330367074
"LUNCH BAG APPLE DESIGN, LUNCH BAG SUKI DESIGN ",LUNCH BAG  BLACK SKULL.,9.884516265314744
"LUNCH BAG PINK POLKADOT, LUNCH BAG CARS BLUE",LUNCH BAG  BLACK SKULL.,10.72635150176757
"LUNCH BAG PINK POLKADOT, LUNCH BAG  BLACK SKULL.",LUNCH BAG CARS BLUE,10.749803669593774
"LUNCH BAG CARS BLUE, LUNCH BAG  BLACK SKULL.",LUNCH BAG PINK POLKADOT,12.293169299223628
"LUNCH BAG RED RETROSPOT, LUNCH BAG CARS BLUE",LUNCH BAG  BLACK SKULL.,10.077257708336791
"LUNCH BAG RED RETROSPOT, LUNCH BAG  BLACK SKULL.",LUNCH BAG CARS BLUE,9.722006639675465
"LUNCH BAG CARS BLUE, LUNCH BAG  BLACK SKULL.",LUNCH BAG RED RETROSPOT,8.95417594901226
"LUNCH BAG CARS BLUE, LUNCH BAG  BLACK SKULL.",LUNCH BAG SPACEBOY DESIGN ,9.935463086731996
"LUNCH BAG SPACEBOY DESIGN , LUNCH BAG  BLACK SKULL.",LUNCH BAG CARS BLUE,10.234667696910261
"LUNCH BAG CARS BLUE, LUNCH BAG SPACEBOY DESIGN ",LUNCH BAG  BLACK SKULL.,10.046959633580657
"LUNCH BAG CARS BLUE, LUNCH BAG  BLACK SKULL.",LUNCH BAG SUKI DESIGN ,10.919062880635385
"LUNCH BAG SUKI DESIGN , LUNCH BAG  BLACK SKULL.",LUNCH BAG CARS BLUE,10.459880433517087
"LUNCH BAG CARS BLUE, LUNCH BAG SUKI DESIGN ",LUNCH BAG  BLACK SKULL.,10.072721068538558
"LUNCH BAG WOODLAND, LUNCH BAG  BLACK SKULL.",LUNCH BAG CARS BLUE,10.836068997201686
"LUNCH BAG WOODLAND, LUNCH BAG CARS BLUE",LUNCH BAG  BLACK SKULL.,9.537928281830977
"LUNCH BAG PINK POLKADOT, LUNCH BAG RED RETROSPOT",LUNCH BAG  BLACK SKULL.,10.374223004165787
"LUNCH BAG PINK POLKADOT, LUNCH BAG  BLACK SKULL.",LUNCH BAG RED RETROSPOT,9.550787106446776
"LUNCH BAG RED RETROSPOT, LUNCH BAG  BLACK SKULL.",LUNCH BAG PINK POLKADOT,11.858582626779715
"LUNCH BAG PINK POLKADOT, LUNCH BAG SPACEBOY DESIGN ",LUNCH BAG  BLACK SKULL.,10.799981351208544
"LUNCH BAG SPACEBOY DESIGN , LUNCH BAG  BLACK SKULL.",LUNCH BAG PINK POLKADOT,10.71467116184172
"LUNCH BAG PINK POLKADOT, LUNCH BAG SUKI DESIGN ",LUNCH BAG  BLACK SKULL.,10.923869405442147
"LUNCH BAG SUKI DESIGN , LUNCH BAG  BLACK SKULL.",LUNCH BAG PINK POLKADOT,10.804440370923816
"LUNCH BAG PINK POLKADOT, LUNCH BAG WOODLAND",LUNCH BAG  BLACK SKULL.,10.968433890522993
"LUNCH BAG WOODLAND, LUNCH BAG  BLACK SKULL.",LUNCH BAG PINK POLKADOT,11.358168991849736
"LUNCH BAG RED RETROSPOT, LUNCH BAG SPACEBOY DESIGN ",LUNCH BAG  BLACK SKULL.,9.69444150430301
"LUNCH BAG SPACEBOY DESIGN , LUNCH BAG  BLACK SKULL.",LUNCH BAG RED RETROSPOT,8.846332729055842
"LUNCH BAG RED RETROSPOT, LUNCH BAG SUKI DESIGN ",LUNCH BAG  BLACK SKULL.,9.864942965779468
"LUNCH BAG SUKI DESIGN , LUNCH BAG  BLACK SKULL.",LUNCH BAG RED RETROSPOT,8.865100457106411
"LUNCH BAG RED RETROSPOT, LUNCH BAG WOODLAND",LUNCH BAG  BLACK SKULL.,9.35721247991289
"LUNCH BAG WOODLAND, LUNCH BAG  BLACK SKULL.",LUNCH BAG RED RETROSPOT,9.53684643886373
"LUNCH BAG SPACEBOY DESIGN , LUNCH BAG  BLACK SKULL.",LUNCH BAG SUKI DESIGN ,10.800166053722638
"LUNCH BAG SUKI DESIGN , LUNCH BAG  BLACK SKULL.",LUNCH BAG SPACEBOY DESIGN ,10.043524741890463
"LUNCH BAG SPACEBOY DESIGN , LUNCH BAG SUKI DESIGN ",LUNCH BAG  BLACK SKULL.,10.206077614822862
"LUNCH BAG WOODLAND, LUNCH BAG  BLACK SKULL.",LUNCH BAG SPACEBOY DESIGN ,11.351550012250755
"LUNCH BAG SPACEBOY DESIGN , LUNCH BAG  BLACK SKULL.",LUNCH BAG WOODLAND,11.354066985645934
"LUNCH BAG WOODLAND, LUNCH BAG SPACEBOY DESIGN ",LUNCH BAG  BLACK SKULL.,9.134206449795803
"LUNCH BAG WOODLAND, LUNCH BAG  BLACK SKULL.",LUNCH BAG SUKI DESIGN ,11.049587598131769
"LUNCH BAG WOODLAND, LUNCH BAG SUKI DESIGN ",LUNCH BAG  BLACK SKULL.,10.67286756418672
"LUNCH BAG PINK POLKADOT, LUNCH BAG APPLE DESIGN",LUNCH BAG RED RETROSPOT,9.62520882415935
"LUNCH BAG APPLE DESIGN, LUNCH BAG RED RETROSPOT",LUNCH BAG SPACEBOY DESIGN ,9.450870601459155
"LUNCH BAG APPLE DESIGN, LUNCH BAG SPACEBOY DESIGN ",LUNCH BAG RED RETROSPOT,9.097054698457223
"LUNCH BAG APPLE DESIGN, LUNCH BAG RED RETROSPOT",LUNCH BAG SUKI DESIGN ,11.552327493273017
"LUNCH BAG APPLE DESIGN, LUNCH BAG SUKI DESIGN ",LUNCH BAG RED RETROSPOT,8.712853692201518
"LUNCH BAG APPLE DESIGN, LUNCH BAG WOODLAND",LUNCH BAG RED RETROSPOT,9.366813956396683
"LUNCH BAG PINK POLKADOT, LUNCH BAG RED RETROSPOT",LUNCH BAG CARS BLUE,10.234053418524281
"LUNCH BAG PINK POLKADOT, LUNCH BAG CARS BLUE",LUNCH BAG RED RETROSPOT,9.401188415494495
"LUNCH BAG RED RETROSPOT, LUNCH BAG CARS BLUE",LUNCH BAG PINK POLKADOT,12.125826106126201
"LUNCH BAG PINK POLKADOT, LUNCH BAG CARS BLUE",LUNCH BAG SPACEBOY DESIGN ,9.751927106543155
"LUNCH BAG PINK POLKADOT, LUNCH BAG SPACEBOY DESIGN ",LUNCH BAG CARS BLUE,11.604650769204731
"LUNCH BAG CARS BLUE, LUNCH BAG SPACEBOY DESIGN ",LUNCH BAG PINK POLKADOT,11.301831487743836
"LUNCH BAG PINK POLKADOT, LUNCH BAG SUKI DESIGN ",LUNCH BAG CARS BLUE,11.038990480817052
"LUNCH BAG CARS BLUE, LUNCH BAG SUKI DESIGN ",LUNCH BAG PINK POLKADOT,10.514175548762015
"LUNCH BAG PINK POLKADOT, LUNCH BAG WOODLAND",LUNCH BAG CARS BLUE,11.82426396864461
"LUNCH BAG WOODLAND, LUNCH BAG CARS BLUE",LUNCH BAG PINK POLKADOT,10.777551613841233
"LUNCH BAG RED RETROSPOT, LUNCH BAG CARS BLUE",LUNCH BAG SPACEBOY DESIGN ,9.624268514753462
"LUNCH BAG RED RETROSPOT, LUNCH BAG SPACEBOY DESIGN ",LUNCH BAG CARS BLUE,9.653752200070048
"LUNCH BAG CARS BLUE, LUNCH BAG SPACEBOY DESIGN ",LUNCH BAG RED RETROSPOT,8.647638639576813
"LUNCH BAG RED RETROSPOT, LUNCH BAG CARS BLUE",LUNCH BAG SUKI DESIGN ,10.667077927439998
"LUNCH BAG RED RETROSPOT, LUNCH BAG SUKI DESIGN ",LUNCH BAG CARS BLUE,10.103712905452037
"LUNCH BAG CARS BLUE, LUNCH BAG SUKI DESIGN ",LUNCH BAG RED RETROSPOT,8.743597706641184
"LUNCH BAG RED RETROSPOT, LUNCH BAG WOODLAND",LUNCH BAG CARS BLUE,10.190256241064557
"LUNCH BAG RED RETROSPOT, LUNCH BAG CARS BLUE",LUNCH BAG WOODLAND,11.349344978165938
"LUNCH BAG WOODLAND, LUNCH BAG CARS BLUE",LUNCH BAG RED RETROSPOT,9.14167324388319
"LUNCH BAG SPACEBOY DESIGN , LUNCH BAG CARS BLUE",LUNCH BAG SUKI DESIGN ,10.755138559752382
"LUNCH BAG SPACEBOY DESIGN , LUNCH BAG SUKI DESIGN ",LUNCH BAG CARS BLUE,10.353412862729632
"LUNCH BAG CARS BLUE, LUNCH BAG SUKI DESIGN ",LUNCH BAG SPACEBOY DESIGN ,9.81139831828091
"LUNCH BAG WOODLAND, LUNCH BAG SPACEBOY DESIGN ",LUNCH BAG CARS BLUE,9.994765227615469
"LUNCH BAG WOODLAND, LUNCH BAG CARS BLUE",LUNCH BAG SPACEBOY DESIGN ,10.932997069810098
"LUNCH BAG SPACEBOY DESIGN , LUNCH BAG CARS BLUE",LUNCH BAG WOODLAND,12.195907928388745
"LUNCH BAG RED RETROSPOT, LUNCH BAG DOLLY GIRL DESIGN",LUNCH BAG SPACEBOY DESIGN ,12.990343670977294
"LUNCH BAG DOLLY GIRL DESIGN, LUNCH BAG SPACEBOY DESIGN ",LUNCH BAG RED RETROSPOT,8.649085770116546
"LUNCH BAG DOLLY GIRL DESIGN, LUNCH BAG WOODLAND",LUNCH BAG SPACEBOY DESIGN ,13.863932406266501
"LUNCH BAG DOLLY GIRL DESIGN, LUNCH BAG SPACEBOY DESIGN ",LUNCH BAG WOODLAND,11.87134831460674
"LUNCH BAG PINK POLKADOT, LUNCH BAG SPACEBOY DESIGN ",LUNCH BAG RED RETROSPOT,9.840430213075635
"LUNCH BAG RED RETROSPOT, LUNCH BAG SPACEBOY DESIGN ",LUNCH BAG PINK POLKADOT,10.698661612734803
"LUNCH BAG PINK POLKADOT, LUNCH BAG SUKI DESIGN ",LUNCH BAG RED RETROSPOT,10.12800582948749
"LUNCH BAG RED RETROSPOT, LUNCH BAG SUKI DESIGN ",LUNCH BAG PINK POLKADOT,11.147067669172932
"LUNCH BAG PINK POLKADOT, LUNCH BAG WOODLAND",LUNCH BAG RED RETROSPOT,10.723280206258059
"LUNCH BAG RED RETROSPOT, LUNCH BAG WOODLAND",LUNCH BAG PINK POLKADOT,10.895146146461503
"LUNCH BAG PINK POLKADOT, LUNCH BAG WOODLAND",LUNCH BAG SPACEBOY DESIGN ,11.796908817762843
"LUNCH BAG PINK POLKADOT, LUNCH BAG SPACEBOY DESIGN ",LUNCH BAG WOODLAND,12.31607629427793
"LUNCH BAG RED RETROSPOT, LUNCH BAG SUKI DESIGN ",LUNCH BAG SPACEBOY DESIGN ,9.54527215474584
"LUNCH BAG SPACEBOY DESIGN , LUNCH BAG SUKI DESIGN ",LUNCH BAG RED RETROSPOT,8.716660093989287
"LUNCH BAG RED RETROSPOT, LUNCH BAG WOODLAND",LUNCH BAG SPACEBOY DESIGN ,11.176276986657443
"LUNCH BAG RED RETROSPOT, LUNCH BAG SPACEBOY DESIGN ",LUNCH BAG WOODLAND,12.485653104925053
"LUNCH BAG WOODLAND, LUNCH BAG SPACEBOY DESIGN ",LUNCH BAG RED RETROSPOT,9.16581550494594
"LUNCH BAG RED RETROSPOT, LUNCH BAG WOODLAND",LUNCH BAG SUKI DESIGN ,10.56884863088831
"LUNCH BAG WOODLAND, LUNCH BAG SUKI DESIGN ",LUNCH BAG RED RETROSPOT,10.404495518643657
"REGENCY CAKESTAND 3 TIER, PINK REGENCY TEACUP AND SAUCER",ROSES REGENCY TEACUP AND SAUCER ,20.2977511603781
"REGENCY CAKESTAND 3 TIER, ROSES REGENCY TEACUP AND SAUCER ",PINK REGENCY TEACUP AND SAUCER,21.03023295649195
"PINK REGENCY TEACUP AND SAUCER, ROSES REGENCY TEACUP AND SAUCER ",REGENCY CAKESTAND 3 TIER,6.614043215695992
"POPPY'S PLAYHOUSE BEDROOM , POPPY'S PLAYHOUSE LIVINGROOM ",POPPY'S PLAYHOUSE KITCHEN,48.596531791907516
"POPPY'S PLAYHOUSE BEDROOM , POPPY'S PLAYHOUSE KITCHEN",POPPY'S PLAYHOUSE LIVINGROOM ,53.85189351331083
"POPPY'S PLAYHOUSE LIVINGROOM , POPPY'S PLAYHOUSE KITCHEN",POPPY'S PLAYHOUSE BEDROOM ,50.73523697380042
POPPY'S PLAYHOUSE BEDROOM ,"POPPY'S PLAYHOUSE LIVINGROOM , POPPY'S PLAYHOUSE KITCHEN",50.73523697380042
POPPY'S PLAYHOUSE LIVINGROOM ,"POPPY'S PLAYHOUSE BEDROOM , POPPY'S PLAYHOUSE KITCHEN",53.851893513310834
POPPY'S PLAYHOUSE KITCHEN,"POPPY'S PLAYHOUSE BEDROOM , POPPY'S PLAYHOUSE LIVINGROOM ",48.596531791907516
"REGENCY CAKESTAND 3 TIER, PINK REGENCY TEACUP AND SAUCER, GREEN REGENCY TEACUP AND SAUCER",ROSES REGENCY TEACUP AND SAUCER ,20.87320505388962
"REGENCY CAKESTAND 3 TIER, PINK REGENCY TEACUP AND SAUCER, ROSES REGENCY TEACUP AND SAUCER ",GREEN REGENCY TEACUP AND SAUCER,24.18779455533408
"REGENCY CAKESTAND 3 TIER, GREEN REGENCY TEACUP AND SAUCER, ROSES REGENCY TEACUP AND SAUCER ",PINK REGENCY TEACUP AND SAUCER,25.53235104224313
"GREEN REGENCY TEACUP AND SAUCER, PINK REGENCY TEACUP AND SAUCER, ROSES REGENCY TEACUP AND SAUCER ",REGENCY CAKESTAND 3 TIER,6.66869626752187
"REGENCY CAKESTAND 3 TIER, PINK REGENCY TEACUP AND SAUCER","GREEN REGENCY TEACUP AND SAUCER, ROSES REGENCY TEACUP AND SAUCER ",26.495031973631473
"REGENCY CAKESTAND 3 TIER, GREEN REGENCY TEACUP AND SAUCER","PINK REGENCY TEACUP AND SAUCER, ROSES REGENCY TEACUP AND SAUCER ",27.16202227346318
"REGENCY CAKESTAND 3 TIER, ROSES REGENCY TEACUP AND SAUCER ","GREEN REGENCY TEACUP AND SAUCER, PINK REGENCY TEACUP AND SAUCER",22.9251966873706
"GREEN REGENCY TEACUP AND SAUCER, PINK REGENCY TEACUP AND SAUCER","REGENCY CAKESTAND 3 TIER, ROSES REGENCY TEACUP AND SAUCER ",22.925196687370597
"PINK REGENCY TEACUP AND SAUCER, ROSES REGENCY TEACUP AND SAUCER ","REGENCY CAKESTAND 3 TIER, GREEN REGENCY TEACUP AND SAUCER",27.16202227346318
"LUNCH BAG PINK POLKADOT, LUNCH BAG RED RETROSPOT, LUNCH BAG CARS BLUE",LUNCH BAG  BLACK SKULL.,12.185957452607765
"LUNCH BAG PINK POLKADOT, LUNCH BAG RED RETROSPOT, LUNCH BAG  BLACK SKULL.",LUNCH BAG CARS BLUE,12.021308918824445
"LUNCH BAG PINK POLKADOT, LUNCH BAG CARS BLUE, LUNCH BAG  BLACK SKULL.",LUNCH BAG RED RETROSPOT,10.68047061634018
"LUNCH BAG RED RETROSPOT, LUNCH BAG CARS BLUE, LUNCH BAG  BLACK SKULL.",LUNCH BAG PINK POLKADOT,14.66319561171194
